"token","in the style editor","category","type","what it does","falls back to","from css alone"
"--ftk-spacing-scale","Basics → Form fields → Field spacing","Form fields","number","Scales only the vertical gaps between field rows.","1","Yes"
"--ftk-control-scale","Basics → Form fields → Input size","Form fields","number","Scales inputs, their text, inner padding and icons, choice controls, and buttons together.","1","Partly"
"--ftk-radius-scale","No control","Form fields","number","Scales the rounding of input, button, choice, and card corners.","1","Partly"
"--ftk-font-scale","Basics → Text → Text size","Text","number","Scales field labels, help text, headings, stage text, and unformatted rich text. Input text follows Input size.","1","Partly"
"--ftk-font-weight-label","Basics → Form fields → Label weight","Form fields","font-weight","Controls how light or bold field labels appear.","400","Yes"
"--ftk-border-scale","Basics → Form fields → Border thickness","Form fields","number","Scales input, textarea, choice, button, and section border thickness.","1","Partly"
"--ftk-section-padding-inline","Basics → Form layout → Horizontal padding","Form layout","length","Sets left and right padding inside form sections.","Existing section padding","Yes"
"--ftk-section-padding-block","Basics → Form layout → Vertical padding","Form layout","length","Sets top and bottom padding inside form sections.","Existing section padding","Yes"
"--ftk-layout-spacing-scale","No control","Form layout","number","Scales padding around form sections without changing field gaps or input padding.","1","Yes"
"--ftk-color-primary","Basics → Colors → Brand","Color","color","Primary actions and selected controls; inherits host brand unless explicitly overridden","Salesforce/site default","Yes"
"--ftk-color-option","Basics → Colors → Choice text","Color","color","Text in radio choices, checkboxes, pills, and dropdown options. Selected brand buttons use Brand text.","Salesforce/site default","Yes"
"--ftk-color-label","Basics → Colors → Field labels","Color","color","Text above or beside each field, independent of Input text and Choice text.","Salesforce/site default","Yes"
"--ftk-color-primary-hover","Advanced → Other components → Interaction colors → Brand hover color","State","color","Primary hover shade; follows primary unless overridden; optional override","Derived from primary color","Yes"
"--ftk-color-primary-active","Advanced → Other components → Interaction colors → Brand pressed color","State","color","Primary pressed shade; follows primary unless overridden; optional override","Derived from primary color","Yes"
"--ftk-color-text","Basics → Colors → Input text; Advanced → Inputs → Colors → Input text","Color","color","Text entered in inputs and textareas. Field labels, choices, and form content keep their own colors.","Salesforce/site default","Partly"
"--ftk-color-background","Basics → Colors → Form background","Surfaces","color","Background behind the entire form template. Transparent lets the page background show through.","transparent","Yes"
"--ftk-font-family","Basics → Text → Font","Text","font-family","Font for the whole form.","Salesforce/site default","Yes"
"--ftk-font-size","Advanced → Text → Typography → Body and input text size","Typography","font-size","Sets inherited body and input text size. Native controls may grow to fit larger text. Labels and headings have separate controls.","Salesforce/site default","Partly"
"--ftk-line-height","Advanced → Text → Typography → Line spacing","Typography","number or length","Line spacing for body text, rich text and multiline inputs. Headings retain independent spacing.","Salesforce/site default","Yes"
"--ftk-focus-ring","No control","State","box-shadow","Visible keyboard focus; optional override","Derived from primary color","Yes"
"--ftk-color-on-primary","Basics → Colors → Brand text","Color","color","Foreground on selected/primary surfaces","Salesforce/site default","Yes"
"--ftk-color-danger","Advanced → Other components → Feedback and footer → Error color","State","color","Color of field errors: the error border, icon and message, the required mark, and the attestation error tint.","#ba0517","Yes"
"--ftk-font-size-label","Advanced → Text → Labels and help → Label size","Labels and help","font-size","Default label size","scales with --ftk-font-scale → 0.75rem","Yes"
"--ftk-font-size-heading","Advanced → Headings → Text → Heading size","Headers","font-size","Section title size","scales with --ftk-font-scale → 1.25rem","Yes"
"--ftk-font-weight-heading","Advanced → Headings → Text → Heading weight","Headers","font-weight","Section title weight","700","Yes"
"--ftk-label-gap","Advanced → Text → Labels and help → Space below labels","Labels and help","length","Gap below default field labels","0.125rem","Yes"
"--ftk-field-gap","No control","Spacing","length","Additional field separation","0","Yes"
"--ftk-heading-background","Advanced → Headings → Appearance → Background","Headers","color","Default header surface","unset","Yes"
"--ftk-heading-border-color","Advanced → Headings → Appearance → Rule color","Headers","color","Default header rule color","Salesforce/site default","Yes"
"--ftk-heading-border-width","Advanced → Headings → Appearance → Rule thickness","Headers","border-width","Default header rule thickness","scales with --ftk-border-scale → 2px","Yes"
"--ftk-container-border-width","Advanced → Form card → Appearance → Border thickness","Shape","border-width","Decorative template framing independent of essential field boundaries","0px","Yes"
"--ftk-font-family-heading","Advanced → Headings → Text → Heading font","Headers","font-family","Section-heading typeface independent of body copy","Salesforce/site default","Yes"
"--ftk-heading-letter-spacing","Advanced → Headings → More heading details → Title letter spacing","Headers","letter-spacing","Section-heading tracking","normal","Yes"
"--ftk-heading-text-transform","Advanced → Headings → More heading details → Capitalization","Headers","text-transform","Section-heading case treatment without changing authored text","none","Yes"
"--ftk-color-footer","Advanced → Other components → Feedback and footer → Footer background","Color","color","Docked action bar surface","#ffffff","Yes"
"--ftk-color-footer-border","Advanced → Other components → Feedback and footer → Footer border","Color","color","Docked action bar top boundary","transparent","Yes"
"--ftk-plain-section-padding-top","No control","Sections","length","Plain section padding - top for sections. Specific overrides take priority over shared controls.","--ftk-section-padding-top → --ftk-section-padding-block → scales with --ftk-layout-spacing-scale → 0","Yes"
"--ftk-boxed-section-padding-top","No control","Sections","length","Boxed section padding - top for sections. Specific overrides take priority over shared controls.","--ftk-section-padding-top → --ftk-section-padding-block → scales with --ftk-layout-spacing-scale → 0","Yes"
"--ftk-plain-section-padding-right","No control","Sections","length","Plain section padding - right for sections. Specific overrides take priority over shared controls.","--ftk-section-padding-right → --ftk-section-padding-inline → scales with --ftk-layout-spacing-scale → 0.3rem","Yes"
"--ftk-boxed-section-padding-right","No control","Sections","length","Boxed section padding - right for sections. Specific overrides take priority over shared controls.","--ftk-section-padding-right → --ftk-section-padding-inline → --ftk-section-padding → scales with --ftk-layout-spacing-scale → 0.4rem","Yes"
"--ftk-plain-section-padding-bottom","No control","Sections","length","Plain section padding - bottom for sections. Specific overrides take priority over shared controls.","--ftk-section-padding-bottom → --ftk-section-padding-block → scales with --ftk-layout-spacing-scale → 0","Yes"
"--ftk-boxed-section-padding-bottom","No control","Sections","length","Boxed section padding - bottom for sections. Specific overrides take priority over shared controls.","--ftk-section-padding-bottom → --ftk-section-padding-block → --ftk-section-padding → scales with --ftk-layout-spacing-scale → 0.75rem","Yes"
"--ftk-plain-section-padding-left","No control","Sections","length","Plain section padding - left for sections. Specific overrides take priority over shared controls.","--ftk-section-padding-left → --ftk-section-padding-inline → scales with --ftk-layout-spacing-scale → 0.3rem","Yes"
"--ftk-boxed-section-padding-left","No control","Sections","length","Boxed section padding - left for sections. Specific overrides take priority over shared controls.","--ftk-section-padding-left → --ftk-section-padding-inline → --ftk-section-padding → scales with --ftk-layout-spacing-scale → 0.4rem","Yes"
"--ftk-section-header-gap","Advanced → Sections → Appearance → Space below header","Sections","length","Gap below section header for sections. Specific overrides take priority over shared controls.","--ftk-section-padding-top → --ftk-section-padding-block → scales with --ftk-layout-spacing-scale → 0.75rem","Yes"
"--ftk-section-radius","Advanced → Sections → Appearance → Corners","Sections","length","Section corners for sections. Specific overrides take priority over shared controls.","--ftk-radius-medium → scales with --ftk-radius-scale → 5px","Yes"
"--ftk-section-border-width","Advanced → Sections → Appearance → Border thickness","Sections","border-width","Section border width for sections. Specific overrides take priority over shared controls.","--ftk-border-width → scales with --ftk-border-scale → 1px","Yes"
"--ftk-section-border-color","Advanced → Sections → Appearance → Border color","Sections","color","Section border color for sections. Specific overrides take priority over shared controls.","--ftk-color-border → #dddddd","Yes"
"--ftk-section-shadow","Advanced → Sections → Appearance → Shadow","Sections","box-shadow","Section shadow for sections. Specific overrides take priority over shared controls.","--ftk-shadow-medium → 0 7px 10px rgba(0,0,0,0.25)","Yes"
"--ftk-header-shadow","Advanced → Headings → Appearance → Shadow","Headers","box-shadow","Header shadow for headers. Specific overrides take priority over shared controls.","--ftk-shadow-medium → 0 0 3px rgba(0,0,0,0.16)","Yes"
"--ftk-heading-line-height","No control","Headers","number or length","Heading line spacing for headers. Specific overrides take priority over shared controls.","1","Yes"
"--ftk-header-radius","Advanced → Headings → More heading details → Corners","Headers","length","Header corners for headers. Specific overrides take priority over shared controls.","--ftk-radius-medium → scales with --ftk-radius-scale → 0.5rem","Yes"
"--ftk-header-padding-block","Advanced → Headings → Spacing → Vertical padding","Headers","length","Header vertical padding for headers. Specific overrides take priority over shared controls.","--ftk-section-padding → 0.5rem","Yes"
"--ftk-header-padding-left","Advanced → Headings → Spacing → Left padding","Headers","length","Header left padding for headers. Specific overrides take priority over shared controls.","--ftk-section-padding-inline → --ftk-section-padding → 0.8rem","Yes"
"--ftk-header-padding-right","Advanced → Headings → Spacing → Right padding","Headers","length","Header right padding for headers. Specific overrides take priority over shared controls.","--ftk-section-padding-inline → --ftk-section-padding → 0","Yes"
"--ftk-header-subtitle-color","Advanced → Headings → More heading details → Subtitle color","Headers","color","Header subtitle color for headers. Specific overrides take priority over shared controls.","--ftk-color-text-muted → Salesforce/site default","Yes"
"--ftk-form-card-radius","Advanced → Form card → Appearance → Corners","Form card","length","Form card corners for form card. Specific overrides take priority over shared controls.","--ftk-radius-large → --ftk-radius-medium → scales with --ftk-radius-scale → 10px","Yes"
"--ftk-form-card-shadow-hover","Advanced → Form card → Hover appearance → Hover shadow","Form card","box-shadow","Form card hover shadow for form card. Specific overrides take priority over shared controls.","--ftk-shadow-medium → 0 10px 15px rgba(0,0,0,0.2), 0 4px 6px rgba(0,0,0,0.15)","Yes"
"--ftk-form-card-shadow","Advanced → Form card → Appearance → Shadow","Form card","box-shadow","Form card shadow for form card. Specific overrides take priority over shared controls.","--ftk-shadow-medium → 0 4px 6px rgba(0,0,0,0.1), 0 1px 3px rgba(0,0,0,0.08)","Yes"
"--ftk-form-card-surface","Advanced → Form card → Appearance → Background","Form card","color","Form card background for form card. Specific overrides take priority over shared controls.","--ftk-color-surface → #ffffff","Yes"
"--ftk-form-card-border-color","Advanced → Form card → Appearance → Border color","Form card","color","Form card border color for form card. Specific overrides take priority over shared controls.","--ftk-color-border-muted → transparent","Yes"
"--ftk-help-font-size","Advanced → Text → Labels and help → Help text size","Labels and help","font-size","Help text size for labels and help. Specific overrides take priority over shared controls.","--ftk-font-size-small → scales with --ftk-font-scale → 0.65rem","Yes"
"--ftk-help-color","Advanced → Text → Labels and help → Help text color","Labels and help","color","Help text color for labels and help. Specific overrides take priority over shared controls.","--ftk-color-text-muted → #939393","Yes"
"--ftk-read-only-radius","Advanced → Inputs → Read-only and rich text → Read-only corners","Text fields","length","Read-only text corners for text fields. Specific overrides take priority over shared controls.","--ftk-radius-medium → scales with --ftk-radius-scale → 0.25rem","Yes"
"--ftk-read-only-border-width","Advanced → Inputs → Read-only and rich text → Read-only border thickness","Text fields","border-width","Read-only text border width for text fields. Specific overrides take priority over shared controls.","--ftk-border-width → scales with --ftk-border-scale → 1px","Yes"
"--ftk-read-only-border-color","Advanced → Inputs → Read-only and rich text → Read-only border color","Text fields","color","Read-only text border color for text fields. Specific overrides take priority over shared controls.","--ftk-color-border → #e5e5e5","Yes"
"--ftk-survey-height","Advanced → Choices → Answer buttons → Minimum height","Survey choices","length","Survey choice minimum height for survey choices. Specific overrides take priority over shared controls.","--ftk-control-height → scales with --ftk-control-scale → 3rem","Yes"
"--ftk-survey-radius","Advanced → Choices → Answer buttons → Corners","Survey choices","length","Survey choice corners for survey choices. Specific overrides take priority over shared controls.","--ftk-radius-medium → scales with --ftk-radius-scale → 0.625rem","Yes"
"--ftk-survey-border-width","Advanced → Choices → Answer buttons → Border thickness","Survey choices","border-width","Survey choice border width for survey choices. Specific overrides take priority over shared controls.","--ftk-border-width → scales with --ftk-border-scale → 1.5px","Yes"
"--ftk-survey-border-color","Advanced → Choices → Answer buttons → Border color","Survey choices","color","Survey choice border color for survey choices. Specific overrides take priority over shared controls.","--ftk-color-border → #e5e5e5","Yes"
"--ftk-survey-surface","Advanced → Choices → Answer buttons → Background","Survey choices","color","Survey choice background for survey choices. Specific overrides take priority over shared controls.","--ftk-color-control-surface → #ffffff","Yes"
"--ftk-survey-padding-inline","Advanced → Choices → Answer spacing → Answer horizontal padding","Survey choices","length","Survey horizontal padding for survey choices. Specific overrides take priority over shared controls.","--ftk-input-padding-x → scales with --ftk-control-scale → 0.875rem","Yes"
"--ftk-survey-padding-block","Advanced → Choices → Answer spacing → Answer vertical padding","Survey choices","length","Survey vertical padding for survey choices. Specific overrides take priority over shared controls.","--ftk-input-padding-y → scales with --ftk-control-scale → 0.75rem","Yes"
"--ftk-joined-choice-padding-inline","Advanced → Choices → Answer spacing → Joined answer padding","Joined choices","length","Joined-choice horizontal padding for joined choices. Specific overrides take priority over shared controls.","--ftk-input-padding-x → scales with --ftk-control-scale → 1rem","Partly"
"--ftk-joined-choice-radius","Advanced → Choices → Answer buttons → Corners","Joined choices","length","Joined-choice corners for joined choices. Specific overrides take priority over shared controls.","--ftk-radius-medium → 0.25rem","Yes"
"--ftk-separated-choice-height","Advanced → Choices → Answer buttons → Minimum height","Separated choices","length","Separated-choice minimum height for separated choices. Specific overrides take priority over shared controls.","--ftk-control-height → auto","Yes"
"--ftk-separated-choice-radius","Advanced → Choices → Answer buttons → Corners","Separated choices","length","Separated-choice corners for separated choices. Specific overrides take priority over shared controls.","--ftk-radius-medium → scales with --ftk-radius-scale → 0.25rem","Yes"
"--ftk-separated-choice-line-height","Advanced → Choices → Answer spacing → Separated answer line spacing","Separated choices","number or length","Separated-choice line spacing for separated choices. Specific overrides take priority over shared controls.","--ftk-line-height → 1.875rem","Yes"
"--ftk-separated-choice-padding-inline","Advanced → Choices → Answer spacing → Separated answer horizontal padding","Separated choices","length","Separated-choice horizontal padding for separated choices. Specific overrides take priority over shared controls.","--ftk-input-padding-x → scales with --ftk-control-scale → 1rem","Yes"
"--ftk-separated-choice-padding-block","Advanced → Choices → Answer spacing → Separated answer vertical padding","Separated choices","length","Separated-choice vertical padding for separated choices. Specific overrides take priority over shared controls.","--ftk-input-padding-y → scales with --ftk-control-scale → 0","Yes"
"--ftk-visual-choice-radius","Advanced → Choices → Visual cards → Corners","Visual choices","length","Visual-choice corners for visual choices. Specific overrides take priority over shared controls.","--ftk-radius-medium → scales with --ftk-radius-scale → 0.625rem","Yes"
"--ftk-visual-choice-border-width","Advanced → Choices → More choice details → Visual card border thickness","Visual choices","border-width","Visual-choice border width for visual choices. Specific overrides take priority over shared controls.","--ftk-border-width → scales with --ftk-border-scale → 1.5px","Yes"
"--ftk-visual-choice-border-color","Advanced → Choices → Visual cards → Border color","Visual choices","color","Visual-choice border color for visual choices. Specific overrides take priority over shared controls.","--ftk-color-border → #e5e5e5","Yes"
"--ftk-visual-choice-surface","Advanced → Choices → Visual cards → Background","Visual choices","color","Visual-choice background for visual choices. Specific overrides take priority over shared controls.","--ftk-color-control-surface → #ffffff","Yes"
"--ftk-matrix-radius","Advanced → Other components → More matrix details → Frame corners","Matrix","length","Matrix frame corners for matrix. Specific overrides take priority over shared controls.","--ftk-radius-medium → scales with --ftk-radius-scale → 0.5rem","Yes"
"--ftk-matrix-card-radius","Advanced → Other components → More matrix details → Card corners","Matrix","length","Matrix card corners for matrix. Specific overrides take priority over shared controls.","--ftk-radius-large → scales with --ftk-radius-scale → 0.75rem","Yes"
"--ftk-matrix-secondary-font-size","Advanced → Other components → More matrix details → Supporting text size","Matrix","font-size","Matrix secondary text size for matrix. Specific overrides take priority over shared controls.","--ftk-font-size-small → scales with --ftk-font-scale → 0.75rem","Yes"
"--ftk-matrix-secondary-color","Advanced → Other components → More matrix details → Supporting text color","Matrix","color","Matrix secondary text color for matrix. Specific overrides take priority over shared controls.","--ftk-color-text-muted → #444444","Yes"
"--ftk-matrix-choice-border-width","Advanced → Other components → More matrix details → Answer border thickness","Matrix","border-width","Matrix choice border width for matrix. Specific overrides take priority over shared controls.","--ftk-border-width → scales with --ftk-border-scale → 2px","Yes"
"--ftk-matrix-choice-surface","Advanced → Other components → Tables and matrix questions → Matrix answer background","Matrix","color","Matrix choice background for matrix. Specific overrides take priority over shared controls.","--ftk-color-control-surface → #ffffff","Yes"
"--ftk-matrix-shade","Advanced → Other components → Tables and matrix questions → Matrix shading","Matrix","color","Matrix shaded background for matrix. Specific overrides take priority over shared controls.","--ftk-color-surface-muted → #f3f3f3","Yes"
"--ftk-matrix-border-color","Advanced → Other components → Tables and matrix questions → Matrix borders","Matrix","color","Matrix frame border color for matrix. Specific overrides take priority over shared controls.","--ftk-color-border → #e5e5e5","Yes"
"--ftk-matrix-divider-color","Advanced → Other components → Tables and matrix questions → Matrix borders","Matrix","color","Matrix divider color for matrix. Specific overrides take priority over shared controls.","--ftk-color-border → #f0f0f0","Yes"
"--ftk-matrix-choice-border-color","Advanced → Other components → Tables and matrix questions → Matrix borders","Matrix","color","Matrix choice border color for matrix. Specific overrides take priority over shared controls.","--ftk-color-border → #aeaeae","Yes"
"--ftk-attestation-radius","Advanced → Choices → More choice details → Attestation corners","Checkboxes","length","Attestation corners for checkboxes. Specific overrides take priority over shared controls.","--ftk-radius-medium → scales with --ftk-radius-scale → 0.25rem","Yes"
"--ftk-attestation-surface","Advanced → Choices → Checkboxes and attestations → Attestation background","Checkboxes","color","Attestation background for checkboxes. Specific overrides take priority over shared controls.","--ftk-color-control-surface → --ftk-color-surface-muted → #f3f3f3","Yes"
"--ftk-attestation-target-size","Advanced → Choices → More choice details → Attestation checkbox size","Checkboxes","length","Attestation target size for checkboxes. Specific overrides take priority over shared controls.","--ftk-control-height → Salesforce/site default","Partly"
"--ftk-calendar-day-size","Advanced → Other components → Calendar popup → Day size","Calendar","length","Calendar day size for calendar. Specific overrides take priority over shared controls.","--ftk-control-height → scales with --ftk-control-scale → 2.15rem","Yes"
"--ftk-calendar-font-size","Advanced → Other components → Calendar popup → Text size","Calendar","font-size","Calendar text size for calendar. Specific overrides take priority over shared controls.","--ftk-font-size → scales with --ftk-font-scale → 1.25rem","Yes"
"--ftk-calendar-border-width","Advanced → Other components → Calendar popup → Border thickness","Calendar","border-width","Calendar border width for calendar. Specific overrides take priority over shared controls.","--ftk-border-width → scales with --ftk-border-scale → 1px","Yes"
"--ftk-calendar-border-color","Advanced → Other components → Calendar popup → Border color","Calendar","color","Calendar border color for calendar. Specific overrides take priority over shared controls.","--ftk-color-border → rgba(0,0,0,0.1)","Yes"
"--ftk-modal-surface","Advanced → Other components → Dialogs and dividers → Dialog background","Modals","color","Modal background for modals. Specific overrides take priority over shared controls.","--ftk-color-surface → #ffffff","Yes"
"--ftk-table-shadow","Advanced → Other components → Table and divider details → Table shadow","Tables","box-shadow","Table shadow for tables. Specific overrides take priority over shared controls.","--ftk-shadow-medium → 0 7px 10px rgba(0,0,0,0.25)","Yes"
"--ftk-table-shade","Advanced → Other components → Tables and matrix questions → Table shading","Tables","color","Table shaded background for tables. Specific overrides take priority over shared controls.","--ftk-color-surface-muted → #f3f2f2","Yes"
"--ftk-table-surface","Advanced → Other components → Tables and matrix questions → Table background","Tables","color","Table background for tables. Specific overrides take priority over shared controls.","--ftk-color-surface → #ffffff","Yes"
"--ftk-divider-subtitle-color","Advanced → Other components → Table and divider details → Divider subtitle color","Dividers","color","Divider subtitle color for dividers. Specific overrides take priority over shared controls.","--ftk-color-text-muted → #706e6b","Yes"
"--ftk-divider-rule-color","Advanced → Other components → Dialogs and dividers → Divider color","Dividers","color","Divider rule color for dividers. Specific overrides take priority over shared controls.","--ftk-color-border-muted → #c9c7c5","Yes"
"--ftk-richtext-radius","Advanced → Inputs → Read-only and rich text → Rich-text editor corners","Text fields","length","Rich-text editor corners for text fields. Specific overrides take priority over shared controls.","--ftk-radius-medium → scales with --ftk-radius-scale → Salesforce/site default","Yes"
"--ftk-button-radius","Advanced → Buttons → Size and shape → Corners","Buttons","length","Button corners for buttons. Specific overrides take priority over shared controls.","--ftk-radius-medium → Salesforce/site default","Partly"
"--ftk-input-radius","Advanced → Inputs → Size and shape → Corners","Text fields","length","Input corners for text fields. Specific overrides take priority over shared controls.","--ftk-radius-medium → Salesforce/site default","Yes"
"--ftk-textarea-radius","Advanced → Inputs → Text area details → Corners","Text fields","length","Textarea corners for text fields. Specific overrides take priority over shared controls.","--ftk-input-radius → --ftk-radius-medium → Salesforce/site default","Yes"
"--ftk-checkbox-radius","Advanced → Choices → More choice details → Checkbox corners","Checkboxes","length","Checkbox corners for checkboxes. Specific overrides take priority over shared controls.","--ftk-radius-small → --ftk-radius-medium → Salesforce/site default","Yes"
"--ftk-input-border-color","Advanced → Inputs → Colors → Border","Text fields","color","Input border color for text fields. Specific overrides take priority over shared controls.","--ftk-color-border → Salesforce/site default","Yes"
"--ftk-textarea-border-color","Advanced → Inputs → Text area details → Border","Text fields","color","Textarea border color for text fields. Specific overrides take priority over shared controls.","--ftk-input-border-color → --ftk-color-border → Salesforce/site default","Yes"
"--ftk-checkbox-border-color","Advanced → Choices → Checkboxes and attestations → Checkbox border","Checkboxes","color","Checkbox border color for checkboxes. Specific overrides take priority over shared controls.","--ftk-color-border → Salesforce/site default","Yes"
"--ftk-checkbox-surface","Advanced → Choices → Checkboxes and attestations → Unchecked background","Checkboxes","color","Unchecked checkbox fill. Follows Input background; a specific override takes priority.","--ftk-color-control-surface → Salesforce/site default","Yes"
"--ftk-input-surface","Advanced → Inputs → Colors → Background","Text fields","color","Input background for text fields. Specific overrides take priority over shared controls.","--ftk-color-control-surface → Salesforce/site default","Yes"
"--ftk-textarea-surface","Advanced → Inputs → Text area details → Background","Text fields","color","Textarea background for text fields. Specific overrides take priority over shared controls.","--ftk-input-surface → --ftk-color-control-surface → Salesforce/site default","Yes"
"--ftk-input-padding-inline","Advanced → Inputs → Size and shape → Horizontal padding","Text fields","length","Input horizontal padding for text fields. Specific overrides take priority over shared controls.","--ftk-input-padding-x → Salesforce/site default","Yes"
"--ftk-textarea-padding-inline","Advanced → Inputs → Text area details → Horizontal padding","Text fields","length","Textarea horizontal padding for text fields. Specific overrides take priority over shared controls.","--ftk-input-padding-inline → --ftk-input-padding-x → Salesforce/site default","Yes"
"--ftk-textarea-padding-block","Advanced → Inputs → Text area details → Vertical padding","Text fields","length","Textarea vertical padding for text fields. Specific overrides take priority over shared controls.","--ftk-input-padding-y → Salesforce/site default","Yes"
"--ftk-input-height","Advanced → Inputs → Size and shape → Input height","Text fields","length","Input height for text fields. Specific overrides take priority over shared controls.","--ftk-control-height → scales with --ftk-control-scale → 2rem","Partly"
"--ftk-button-font-size","Advanced → Buttons → Size and shape → Button text size","Buttons","font-size","Text size for action buttons, independent of their height and other form text.","--ftk-font-size → scales with --ftk-control-scale → 0.8125rem","Partly"
"--ftk-button-height","Advanced → Buttons → Size and shape → Button height","Buttons","length","Button height for buttons. Specific overrides take priority over shared controls.","--ftk-control-height → scales with --ftk-control-scale → Salesforce/site default","Partly"
"--ftk-icon-button-size","Advanced → Buttons → Icon buttons → Icon button size","Buttons","length","Icon button size for buttons. Specific overrides take priority over shared controls.","--ftk-control-height → Salesforce/site default","Partly"
"--ftk-color-text-muted","No control","Shared overrides","color","Secondary help foreground","Component default","Yes"
"--ftk-color-surface","Basics → Colors → Card background","Shared overrides","color","Background of cards, choice tiles, and panels. Input field background can be changed separately.","Component default","Yes"
"--ftk-color-border","Basics → Colors → Borders","Shared overrides","color","Essential field boundaries","Component default","Yes"
"--ftk-color-border-muted","No control","Shared overrides","color","Decorative container boundaries","Component default","Yes"
"--ftk-font-size-small","No control","Shared overrides","font-size","Help text size","Component default","Yes"
"--ftk-radius-medium","Basics → Form fields → Corner radius","Form fields","length or percentage","One corner radius for inputs, buttons, choices, and containers.","Component default","Partly"
"--ftk-border-width","No control","Shared overrides","border-width","Boundary thickness","Component default","Partly"
"--ftk-input-padding-x","No control","Shared overrides","length","Horizontal control padding","Component default","Yes"
"--ftk-input-padding-y","No control","Shared overrides","length","Vertical control padding","Component default","Yes"
"--ftk-control-height","No control","Shared overrides","length","Control minimum target height","Component default","Partly"
"--ftk-shadow-medium","No control","Shared overrides","box-shadow","Container elevation","Component default","Yes"
"--ftk-color-surface-muted","No control","Shared overrides","color","Subtle secondary surfaces","Component default","Yes"
"--ftk-radius-small","No control","Shared overrides","length or percentage","Compact control corners","Component default","Yes"
"--ftk-section-padding","No control","Shared overrides","length","One CSS length shared by boxed section sides/bottom and standard headers. Use the separate section-content edge controls for independent spacing.","Component default","Yes"
"--ftk-section-padding-top","Advanced → Sections → Individual side padding → Top","Shared overrides","length","Controls only the top inset of plain and boxed section content. Header padding and special address/image layouts remain separate.","--ftk-section-padding-block → Component default","Yes"
"--ftk-section-padding-right","Advanced → Sections → Individual side padding → Right","Shared overrides","length","Controls only the right inset of plain and boxed section content. Header padding and special address/image layouts remain separate.","--ftk-section-padding-inline → Component default","Yes"
"--ftk-section-padding-bottom","Advanced → Sections → Individual side padding → Bottom","Shared overrides","length","Controls only the bottom inset of plain and boxed section content. Header padding and special address/image layouts remain separate.","--ftk-section-padding-block → Component default","Yes"
"--ftk-section-padding-left","Advanced → Sections → Individual side padding → Left","Shared overrides","length","Controls only the left inset of plain and boxed section content. Header padding and special address/image layouts remain separate.","--ftk-section-padding-inline → Component default","Yes"
"--ftk-radius-large","No control","Shared overrides","length","Template card corners; separate scale for large surfaces","Component default","Yes"
"--ftk-color-control-surface","Basics → Colors → Input background","Shared overrides","color","Fill inside inputs, textareas, dropdowns, survey choices, visual pickers, and attestation cards.","Component default","Yes"
"--ftk-input-placeholder-color","Advanced → Inputs → Colors → Placeholder text","Text fields","color","Placeholder text in empty inputs and text areas. Follows an authored input text color unless overridden.","--ftk-color-text → Salesforce/site default","Partly"
"--ftk-hero-title-size","Advanced → Headings → Stacked header → Title size","Stacked headers","font-size","Title size for the Stacked header style. Shared text and layout scales apply until a specific value is set.","--ftk-font-size-heading → scales with --ftk-font-scale → Responsive title size","Yes"
"--ftk-hero-eyebrow-size","Advanced → Headings → Stacked header → Eyebrow size","Stacked headers","font-size","Eyebrow size for the Stacked header style. Shared text and layout scales apply until a specific value is set.","scales with --ftk-font-scale → 0.75rem","Yes"
"--ftk-hero-kicker-size","Advanced → Headings → Stacked header → Pretitle size","Stacked headers","font-size","Pretitle size for the Stacked header style. Shared text and layout scales apply until a specific value is set.","scales with --ftk-font-scale → 0.9375rem","Yes"
"--ftk-hero-lead-size","Advanced → Headings → Stacked header → Body size","Stacked headers","font-size","Body size for the Stacked header style. Shared text and layout scales apply until a specific value is set.","scales with --ftk-font-scale → 1.125rem","Yes"
"--ftk-hero-footer-size","Advanced → Headings → Stacked header → Footer size","Stacked headers","font-size","Footer size for the Stacked header style. Shared text and layout scales apply until a specific value is set.","scales with --ftk-font-scale → 0.875rem","Yes"
"--ftk-hero-tag-size","Advanced → Headings → Stacked header → Tag text size","Stacked headers","font-size","Tag text size for the Stacked header style. Shared text and layout scales apply until a specific value is set.","scales with --ftk-font-scale → 0.8125rem","Yes"
"--ftk-hero-line-gap","Advanced → Headings → Stacked header → Space between lines","Stacked headers","length","Space between lines for the Stacked header style. Shared text and layout scales apply until a specific value is set.","scales with --ftk-layout-spacing-scale → 1rem","Yes"
"--ftk-hero-lead-gap","Advanced → Headings → Stacked header → Title to body gap","Stacked headers","length","Title to body gap for the Stacked header style. Shared text and layout scales apply until a specific value is set.","scales with --ftk-layout-spacing-scale → 0.5rem","Yes"
"--ftk-hero-max-width","Advanced → Headings → Stacked header → Maximum text width","Stacked headers","length","Maximum text width for the Stacked header style. Shared text and layout scales apply until a specific value is set.","44rem","Yes"
"--ftk-section-surface","Advanced → Sections → Appearance → Frame background","Section surfaces","color","Default fill of Box, Shadow, Card and Title on border frames. An explicit Classic Theme section background takes priority.","transparent","Yes"
